/*
SQLyog Enterprise v12.12 (64 bit)
MySQL - 10.1.9-MariaDB : Database - eci1
*********************************************************************
*/

/*!40101 SET NAMES utf8 */;

/*!40101 SET SQL_MODE=''*/;

/*!40014 SET @OLD_UNIQUE_CHECKS=@@UNIQUE_CHECKS, UNIQUE_CHECKS=0 */;
/*!40014 SET @OLD_FOREIGN_KEY_CHECKS=@@FOREIGN_KEY_CHECKS, FOREIGN_KEY_CHECKS=0 */;
/*!40101 SET @OLD_SQL_MODE=@@SQL_MODE, SQL_MODE='NO_AUTO_VALUE_ON_ZERO' */;
/*!40111 SET @OLD_SQL_NOTES=@@SQL_NOTES, SQL_NOTES=0 */;
/*Table structure for table `catalogrule_customer_group` */

DROP TABLE IF EXISTS `catalogrule_customer_group`;

CREATE TABLE `catalogrule_customer_group` (
  `rule_id` int(10) unsigned NOT NULL COMMENT 'Rule Id',
  `customer_group_id` smallint(5) unsigned NOT NULL COMMENT 'Customer Group Id',
  PRIMARY KEY (`rule_id`,`customer_group_id`),
  KEY `IDX_CATALOGRULE_CUSTOMER_GROUP_RULE_ID` (`rule_id`),
  KEY `IDX_CATALOGRULE_CUSTOMER_GROUP_CUSTOMER_GROUP_ID` (`customer_group_id`),
  CONSTRAINT `FK_CATALOGRULE_CUSTOMER_GROUP_RULE_ID_CATALOGRULE_RULE_ID` FOREIGN KEY (`rule_id`) REFERENCES `catalogrule` (`rule_id`) ON DELETE CASCADE ON UPDATE CASCADE,
  CONSTRAINT `FK_CATRULE_CSTR_GROUP_CSTR_GROUP_ID_CSTR_GROUP_CSTR_GROUP_ID` FOREIGN KEY (`customer_group_id`) REFERENCES `customer_group` (`customer_group_id`) ON DELETE CASCADE ON UPDATE CASCADE
) ENGINE=InnoDB DEFAULT CHARSET=utf8 COMMENT='Catalog Rules To Customer Groups Relations';

/*Data for the table `catalogrule_customer_group` */

/*Table structure for table `customer_address_entity` */

DROP TABLE IF EXISTS `customer_address_entity`;

CREATE TABLE `customer_address_entity` (
  `entity_id` int(10) unsigned NOT NULL AUTO_INCREMENT COMMENT 'Entity Id',
  `entity_type_id` smallint(5) unsigned NOT NULL DEFAULT '0' COMMENT 'Entity Type Id',
  `attribute_set_id` smallint(5) unsigned NOT NULL DEFAULT '0' COMMENT 'Attribute Set Id',
  `increment_id` varchar(50) DEFAULT NULL COMMENT 'Increment Id',
  `parent_id` int(10) unsigned DEFAULT NULL COMMENT 'Parent Id',
  `created_at` timestamp NOT NULL DEFAULT '0000-00-00 00:00:00' COMMENT 'Created At',
  `updated_at` timestamp NOT NULL DEFAULT '0000-00-00 00:00:00' COMMENT 'Updated At',
  `is_active` smallint(5) unsigned NOT NULL DEFAULT '1' COMMENT 'Is Active',
  PRIMARY KEY (`entity_id`),
  KEY `IDX_CUSTOMER_ADDRESS_ENTITY_PARENT_ID` (`parent_id`),
  CONSTRAINT `FK_CUSTOMER_ADDRESS_ENTITY_PARENT_ID_CUSTOMER_ENTITY_ENTITY_ID` FOREIGN KEY (`parent_id`) REFERENCES `customer_entity` (`entity_id`) ON DELETE CASCADE ON UPDATE CASCADE
) ENGINE=InnoDB AUTO_INCREMENT=2 DEFAULT CHARSET=utf8 COMMENT='Customer Address Entity';

/*Data for the table `customer_address_entity` */

insert  into `customer_address_entity`(`entity_id`,`entity_type_id`,`attribute_set_id`,`increment_id`,`parent_id`,`created_at`,`updated_at`,`is_active`) values (1,2,0,NULL,1,'2016-06-14 08:13:51','2016-06-14 09:13:52',1);

/*Table structure for table `customer_address_entity_datetime` */

DROP TABLE IF EXISTS `customer_address_entity_datetime`;

CREATE TABLE `customer_address_entity_datetime` (
  `value_id` int(11) NOT NULL AUTO_INCREMENT COMMENT 'Value Id',
  `entity_type_id` smallint(5) unsigned NOT NULL DEFAULT '0' COMMENT 'Entity Type Id',
  `attribute_id` smallint(5) unsigned NOT NULL DEFAULT '0' COMMENT 'Attribute Id',
  `entity_id` int(10) unsigned NOT NULL DEFAULT '0' COMMENT 'Entity Id',
  `value` datetime NOT NULL DEFAULT '0000-00-00 00:00:00' COMMENT 'Value',
  PRIMARY KEY (`value_id`),
  UNIQUE KEY `UNQ_CUSTOMER_ADDRESS_ENTITY_DATETIME_ENTITY_ID_ATTRIBUTE_ID` (`entity_id`,`attribute_id`),
  KEY `IDX_CUSTOMER_ADDRESS_ENTITY_DATETIME_ENTITY_TYPE_ID` (`entity_type_id`),
  KEY `IDX_CUSTOMER_ADDRESS_ENTITY_DATETIME_ATTRIBUTE_ID` (`attribute_id`),
  KEY `IDX_CUSTOMER_ADDRESS_ENTITY_DATETIME_ENTITY_ID` (`entity_id`),
  KEY `IDX_CSTR_ADDR_ENTT_DTIME_ENTT_ID_ATTR_ID_VAL` (`entity_id`,`attribute_id`,`value`),
  CONSTRAINT `FK_CSTR_ADDR_ENTT_DTIME_ATTR_ID_EAV_ATTR_ATTR_ID` FOREIGN KEY (`attribute_id`) REFERENCES `eav_attribute` (`attribute_id`) ON DELETE CASCADE ON UPDATE CASCADE,
  CONSTRAINT `FK_CSTR_ADDR_ENTT_DTIME_ENTT_ID_CSTR_ADDR_ENTT_ENTT_ID` FOREIGN KEY (`entity_id`) REFERENCES `customer_address_entity` (`entity_id`) ON DELETE CASCADE ON UPDATE CASCADE,
  CONSTRAINT `FK_CSTR_ADDR_ENTT_DTIME_ENTT_TYPE_ID_EAV_ENTT_TYPE_ENTT_TYPE_ID` FOREIGN KEY (`entity_type_id`) REFERENCES `eav_entity_type` (`entity_type_id`) ON DELETE CASCADE ON UPDATE CASCADE
) ENGINE=InnoDB DEFAULT CHARSET=utf8 COMMENT='Customer Address Entity Datetime';

/*Data for the table `customer_address_entity_datetime` */

/*Table structure for table `customer_address_entity_decimal` */

DROP TABLE IF EXISTS `customer_address_entity_decimal`;

CREATE TABLE `customer_address_entity_decimal` (
  `value_id` int(11) NOT NULL AUTO_INCREMENT COMMENT 'Value Id',
  `entity_type_id` smallint(5) unsigned NOT NULL DEFAULT '0' COMMENT 'Entity Type Id',
  `attribute_id` smallint(5) unsigned NOT NULL DEFAULT '0' COMMENT 'Attribute Id',
  `entity_id` int(10) unsigned NOT NULL DEFAULT '0' COMMENT 'Entity Id',
  `value` decimal(12,4) NOT NULL DEFAULT '0.0000' COMMENT 'Value',
  PRIMARY KEY (`value_id`),
  UNIQUE KEY `UNQ_CUSTOMER_ADDRESS_ENTITY_DECIMAL_ENTITY_ID_ATTRIBUTE_ID` (`entity_id`,`attribute_id`),
  KEY `IDX_CUSTOMER_ADDRESS_ENTITY_DECIMAL_ENTITY_TYPE_ID` (`entity_type_id`),
  KEY `IDX_CUSTOMER_ADDRESS_ENTITY_DECIMAL_ATTRIBUTE_ID` (`attribute_id`),
  KEY `IDX_CUSTOMER_ADDRESS_ENTITY_DECIMAL_ENTITY_ID` (`entity_id`),
  KEY `IDX_CUSTOMER_ADDRESS_ENTITY_DECIMAL_ENTITY_ID_ATTRIBUTE_ID_VALUE` (`entity_id`,`attribute_id`,`value`),
  CONSTRAINT `FK_CSTR_ADDR_ENTT_DEC_ATTR_ID_EAV_ATTR_ATTR_ID` FOREIGN KEY (`attribute_id`) REFERENCES `eav_attribute` (`attribute_id`) ON DELETE CASCADE ON UPDATE CASCADE,
  CONSTRAINT `FK_CSTR_ADDR_ENTT_DEC_ENTT_ID_CSTR_ADDR_ENTT_ENTT_ID` FOREIGN KEY (`entity_id`) REFERENCES `customer_address_entity` (`entity_id`) ON DELETE CASCADE ON UPDATE CASCADE,
  CONSTRAINT `FK_CSTR_ADDR_ENTT_DEC_ENTT_TYPE_ID_EAV_ENTT_TYPE_ENTT_TYPE_ID` FOREIGN KEY (`entity_type_id`) REFERENCES `eav_entity_type` (`entity_type_id`) ON DELETE CASCADE ON UPDATE CASCADE
) ENGINE=InnoDB DEFAULT CHARSET=utf8 COMMENT='Customer Address Entity Decimal';

/*Data for the table `customer_address_entity_decimal` */

/*Table structure for table `customer_address_entity_int` */

DROP TABLE IF EXISTS `customer_address_entity_int`;

CREATE TABLE `customer_address_entity_int` (
  `value_id` int(11) NOT NULL AUTO_INCREMENT COMMENT 'Value Id',
  `entity_type_id` smallint(5) unsigned NOT NULL DEFAULT '0' COMMENT 'Entity Type Id',
  `attribute_id` smallint(5) unsigned NOT NULL DEFAULT '0' COMMENT 'Attribute Id',
  `entity_id` int(10) unsigned NOT NULL DEFAULT '0' COMMENT 'Entity Id',
  `value` int(11) NOT NULL DEFAULT '0' COMMENT 'Value',
  PRIMARY KEY (`value_id`),
  UNIQUE KEY `UNQ_CUSTOMER_ADDRESS_ENTITY_INT_ENTITY_ID_ATTRIBUTE_ID` (`entity_id`,`attribute_id`),
  KEY `IDX_CUSTOMER_ADDRESS_ENTITY_INT_ENTITY_TYPE_ID` (`entity_type_id`),
  KEY `IDX_CUSTOMER_ADDRESS_ENTITY_INT_ATTRIBUTE_ID` (`attribute_id`),
  KEY `IDX_CUSTOMER_ADDRESS_ENTITY_INT_ENTITY_ID` (`entity_id`),
  KEY `IDX_CUSTOMER_ADDRESS_ENTITY_INT_ENTITY_ID_ATTRIBUTE_ID_VALUE` (`entity_id`,`attribute_id`,`value`),
  CONSTRAINT `FK_CSTR_ADDR_ENTT_INT_ATTR_ID_EAV_ATTR_ATTR_ID` FOREIGN KEY (`attribute_id`) REFERENCES `eav_attribute` (`attribute_id`) ON DELETE CASCADE ON UPDATE CASCADE,
  CONSTRAINT `FK_CSTR_ADDR_ENTT_INT_ENTT_ID_CSTR_ADDR_ENTT_ENTT_ID` FOREIGN KEY (`entity_id`) REFERENCES `customer_address_entity` (`entity_id`) ON DELETE CASCADE ON UPDATE CASCADE,
  CONSTRAINT `FK_CSTR_ADDR_ENTT_INT_ENTT_TYPE_ID_EAV_ENTT_TYPE_ENTT_TYPE_ID` FOREIGN KEY (`entity_type_id`) REFERENCES `eav_entity_type` (`entity_type_id`) ON DELETE CASCADE ON UPDATE CASCADE
) ENGINE=InnoDB AUTO_INCREMENT=2 DEFAULT CHARSET=utf8 COMMENT='Customer Address Entity Int';

/*Data for the table `customer_address_entity_int` */

insert  into `customer_address_entity_int`(`value_id`,`entity_type_id`,`attribute_id`,`entity_id`,`value`) values (1,2,29,1,0);

/*Table structure for table `customer_address_entity_text` */

DROP TABLE IF EXISTS `customer_address_entity_text`;

CREATE TABLE `customer_address_entity_text` (
  `value_id` int(11) NOT NULL AUTO_INCREMENT COMMENT 'Value Id',
  `entity_type_id` smallint(5) unsigned NOT NULL DEFAULT '0' COMMENT 'Entity Type Id',
  `attribute_id` smallint(5) unsigned NOT NULL DEFAULT '0' COMMENT 'Attribute Id',
  `entity_id` int(10) unsigned NOT NULL DEFAULT '0' COMMENT 'Entity Id',
  `value` text NOT NULL COMMENT 'Value',
  PRIMARY KEY (`value_id`),
  UNIQUE KEY `UNQ_CUSTOMER_ADDRESS_ENTITY_TEXT_ENTITY_ID_ATTRIBUTE_ID` (`entity_id`,`attribute_id`),
  KEY `IDX_CUSTOMER_ADDRESS_ENTITY_TEXT_ENTITY_TYPE_ID` (`entity_type_id`),
  KEY `IDX_CUSTOMER_ADDRESS_ENTITY_TEXT_ATTRIBUTE_ID` (`attribute_id`),
  KEY `IDX_CUSTOMER_ADDRESS_ENTITY_TEXT_ENTITY_ID` (`entity_id`),
  CONSTRAINT `FK_CSTR_ADDR_ENTT_TEXT_ATTR_ID_EAV_ATTR_ATTR_ID` FOREIGN KEY (`attribute_id`) REFERENCES `eav_attribute` (`attribute_id`) ON DELETE CASCADE ON UPDATE CASCADE,
  CONSTRAINT `FK_CSTR_ADDR_ENTT_TEXT_ENTT_ID_CSTR_ADDR_ENTT_ENTT_ID` FOREIGN KEY (`entity_id`) REFERENCES `customer_address_entity` (`entity_id`) ON DELETE CASCADE ON UPDATE CASCADE,
  CONSTRAINT `FK_CSTR_ADDR_ENTT_TEXT_ENTT_TYPE_ID_EAV_ENTT_TYPE_ENTT_TYPE_ID` FOREIGN KEY (`entity_type_id`) REFERENCES `eav_entity_type` (`entity_type_id`) ON DELETE CASCADE ON UPDATE CASCADE
) ENGINE=InnoDB AUTO_INCREMENT=2 DEFAULT CHARSET=utf8 COMMENT='Customer Address Entity Text';

/*Data for the table `customer_address_entity_text` */

insert  into `customer_address_entity_text`(`value_id`,`entity_type_id`,`attribute_id`,`entity_id`,`value`) values (1,2,25,1,'Imm F Apt 10 Etg 3 Majd 2 Wislan\nImm F Apt 10 Etg 3 Majd 2 Wislan');

/*Table structure for table `customer_address_entity_varchar` */

DROP TABLE IF EXISTS `customer_address_entity_varchar`;

CREATE TABLE `customer_address_entity_varchar` (
  `value_id` int(11) NOT NULL AUTO_INCREMENT COMMENT 'Value Id',
  `entity_type_id` smallint(5) unsigned NOT NULL DEFAULT '0' COMMENT 'Entity Type Id',
  `attribute_id` smallint(5) unsigned NOT NULL DEFAULT '0' COMMENT 'Attribute Id',
  `entity_id` int(10) unsigned NOT NULL DEFAULT '0' COMMENT 'Entity Id',
  `value` varchar(255) DEFAULT NULL COMMENT 'Value',
  PRIMARY KEY (`value_id`),
  UNIQUE KEY `UNQ_CUSTOMER_ADDRESS_ENTITY_VARCHAR_ENTITY_ID_ATTRIBUTE_ID` (`entity_id`,`attribute_id`),
  KEY `IDX_CUSTOMER_ADDRESS_ENTITY_VARCHAR_ENTITY_TYPE_ID` (`entity_type_id`),
  KEY `IDX_CUSTOMER_ADDRESS_ENTITY_VARCHAR_ATTRIBUTE_ID` (`attribute_id`),
  KEY `IDX_CUSTOMER_ADDRESS_ENTITY_VARCHAR_ENTITY_ID` (`entity_id`),
  KEY `IDX_CUSTOMER_ADDRESS_ENTITY_VARCHAR_ENTITY_ID_ATTRIBUTE_ID_VALUE` (`entity_id`,`attribute_id`,`value`),
  CONSTRAINT `FK_CSTR_ADDR_ENTT_VCHR_ATTR_ID_EAV_ATTR_ATTR_ID` FOREIGN KEY (`attribute_id`) REFERENCES `eav_attribute` (`attribute_id`) ON DELETE CASCADE ON UPDATE CASCADE,
  CONSTRAINT `FK_CSTR_ADDR_ENTT_VCHR_ENTT_ID_CSTR_ADDR_ENTT_ENTT_ID` FOREIGN KEY (`entity_id`) REFERENCES `customer_address_entity` (`entity_id`) ON DELETE CASCADE ON UPDATE CASCADE,
  CONSTRAINT `FK_CSTR_ADDR_ENTT_VCHR_ENTT_TYPE_ID_EAV_ENTT_TYPE_ENTT_TYPE_ID` FOREIGN KEY (`entity_type_id`) REFERENCES `eav_entity_type` (`entity_type_id`) ON DELETE CASCADE ON UPDATE CASCADE
) ENGINE=InnoDB AUTO_INCREMENT=11 DEFAULT CHARSET=utf8 COMMENT='Customer Address Entity Varchar';

/*Data for the table `customer_address_entity_varchar` */

insert  into `customer_address_entity_varchar`(`value_id`,`entity_type_id`,`attribute_id`,`entity_id`,`value`) values (1,2,20,1,'Mouad'),(2,2,21,1,NULL),(3,2,22,1,'Benabdennour'),(4,2,24,1,'E-Commerce Intelligent'),(5,2,26,1,'Meknes'),(6,2,27,1,'MA'),(7,2,28,1,NULL),(8,2,30,1,'50045'),(9,2,31,1,'623350044'),(10,2,32,1,'623350044');

/*Table structure for table `customer_eav_attribute` */

DROP TABLE IF EXISTS `customer_eav_attribute`;

CREATE TABLE `customer_eav_attribute` (
  `attribute_id` smallint(5) unsigned NOT NULL COMMENT 'Attribute Id',
  `is_visible` smallint(5) unsigned NOT NULL DEFAULT '1' COMMENT 'Is Visible',
  `input_filter` varchar(255) DEFAULT NULL COMMENT 'Input Filter',
  `multiline_count` smallint(5) unsigned NOT NULL DEFAULT '1' COMMENT 'Multiline Count',
  `validate_rules` text COMMENT 'Validate Rules',
  `is_system` smallint(5) unsigned NOT NULL DEFAULT '0' COMMENT 'Is System',
  `sort_order` int(10) unsigned NOT NULL DEFAULT '0' COMMENT 'Sort Order',
  `data_model` varchar(255) DEFAULT NULL COMMENT 'Data Model',
  PRIMARY KEY (`attribute_id`),
  CONSTRAINT `FK_CSTR_EAV_ATTR_ATTR_ID_EAV_ATTR_ATTR_ID` FOREIGN KEY (`attribute_id`) REFERENCES `eav_attribute` (`attribute_id`) ON DELETE CASCADE ON UPDATE CASCADE
) ENGINE=InnoDB DEFAULT CHARSET=utf8 COMMENT='Customer Eav Attribute';

/*Data for the table `customer_eav_attribute` */

insert  into `customer_eav_attribute`(`attribute_id`,`is_visible`,`input_filter`,`multiline_count`,`validate_rules`,`is_system`,`sort_order`,`data_model`) values (1,1,NULL,0,NULL,1,10,NULL),(2,0,NULL,0,NULL,1,0,NULL),(3,1,NULL,0,NULL,1,20,NULL),(4,0,NULL,0,NULL,0,30,NULL),(5,1,NULL,0,'a:2:{s:15:\"max_text_length\";i:255;s:15:\"min_text_length\";i:1;}',1,40,NULL),(6,1,NULL,0,NULL,0,50,NULL),(7,1,NULL,0,'a:2:{s:15:\"max_text_length\";i:255;s:15:\"min_text_length\";i:1;}',1,60,NULL),(8,0,NULL,0,NULL,0,70,NULL),(9,1,NULL,0,'a:1:{s:16:\"input_validation\";s:5:\"email\";}',1,80,NULL),(10,1,NULL,0,NULL,1,25,NULL),(11,0,'date',0,'a:1:{s:16:\"input_validation\";s:4:\"date\";}',0,90,NULL),(12,0,NULL,0,NULL,1,0,NULL),(13,0,NULL,0,NULL,1,0,NULL),(14,0,NULL,0,NULL,1,0,NULL),(15,0,NULL,0,'a:1:{s:15:\"max_text_length\";i:255;}',0,100,NULL),(16,0,NULL,0,NULL,1,0,NULL),(17,0,'datetime',0,NULL,0,0,NULL),(18,0,NULL,0,'a:0:{}',0,110,NULL),(19,0,NULL,0,NULL,0,10,NULL),(20,1,NULL,0,'a:2:{s:15:\"max_text_length\";i:255;s:15:\"min_text_length\";i:1;}',1,20,NULL),(21,1,NULL,0,NULL,0,30,NULL),(22,1,NULL,0,'a:2:{s:15:\"max_text_length\";i:255;s:15:\"min_text_length\";i:1;}',1,40,NULL),(23,0,NULL,0,NULL,0,50,NULL),(24,1,NULL,0,'a:2:{s:15:\"max_text_length\";i:255;s:15:\"min_text_length\";i:1;}',1,60,NULL),(25,1,NULL,2,'a:2:{s:15:\"max_text_length\";i:255;s:15:\"min_text_length\";i:1;}',1,70,NULL),(26,1,NULL,0,'a:2:{s:15:\"max_text_length\";i:255;s:15:\"min_text_length\";i:1;}',1,80,NULL),(27,1,NULL,0,NULL,1,90,NULL),(28,1,NULL,0,NULL,1,100,NULL),(29,1,NULL,0,NULL,1,100,NULL),(30,1,NULL,0,'a:0:{}',1,110,'customer/attribute_data_postcode'),(31,1,NULL,0,'a:2:{s:15:\"max_text_length\";i:255;s:15:\"min_text_length\";i:1;}',1,120,NULL),(32,1,NULL,0,'a:2:{s:15:\"max_text_length\";i:255;s:15:\"min_text_length\";i:1;}',1,130,NULL),(33,0,NULL,0,NULL,1,0,NULL),(34,0,NULL,0,'a:1:{s:16:\"input_validation\";s:4:\"date\";}',1,0,NULL),(35,1,NULL,0,NULL,1,28,NULL),(36,1,NULL,0,NULL,1,140,NULL),(37,0,NULL,0,NULL,1,0,NULL),(38,0,NULL,0,NULL,1,0,NULL),(39,0,NULL,0,NULL,1,0,NULL),(40,0,NULL,0,NULL,1,0,NULL);

/*Table structure for table `customer_eav_attribute_website` */

DROP TABLE IF EXISTS `customer_eav_attribute_website`;

CREATE TABLE `customer_eav_attribute_website` (
  `attribute_id` smallint(5) unsigned NOT NULL COMMENT 'Attribute Id',
  `website_id` smallint(5) unsigned NOT NULL COMMENT 'Website Id',
  `is_visible` smallint(5) unsigned DEFAULT NULL COMMENT 'Is Visible',
  `is_required` smallint(5) unsigned DEFAULT NULL COMMENT 'Is Required',
  `default_value` text COMMENT 'Default Value',
  `multiline_count` smallint(5) unsigned DEFAULT NULL COMMENT 'Multiline Count',
  PRIMARY KEY (`attribute_id`,`website_id`),
  KEY `IDX_CUSTOMER_EAV_ATTRIBUTE_WEBSITE_WEBSITE_ID` (`website_id`),
  CONSTRAINT `FK_CSTR_EAV_ATTR_WS_ATTR_ID_EAV_ATTR_ATTR_ID` FOREIGN KEY (`attribute_id`) REFERENCES `eav_attribute` (`attribute_id`) ON DELETE CASCADE ON UPDATE CASCADE,
  CONSTRAINT `FK_CSTR_EAV_ATTR_WS_WS_ID_CORE_WS_WS_ID` FOREIGN KEY (`website_id`) REFERENCES `core_website` (`website_id`) ON DELETE CASCADE ON UPDATE CASCADE
) ENGINE=InnoDB DEFAULT CHARSET=utf8 COMMENT='Customer Eav Attribute Website';

/*Data for the table `customer_eav_attribute_website` */

/*Table structure for table `customer_entity` */

DROP TABLE IF EXISTS `customer_entity`;

CREATE TABLE `customer_entity` (
  `entity_id` int(10) unsigned NOT NULL AUTO_INCREMENT COMMENT 'Entity Id',
  `entity_type_id` smallint(5) unsigned NOT NULL DEFAULT '0' COMMENT 'Entity Type Id',
  `attribute_set_id` smallint(5) unsigned NOT NULL DEFAULT '0' COMMENT 'Attribute Set Id',
  `website_id` smallint(5) unsigned DEFAULT NULL COMMENT 'Website Id',
  `email` varchar(255) DEFAULT NULL COMMENT 'Email',
  `group_id` smallint(5) unsigned NOT NULL DEFAULT '0' COMMENT 'Group Id',
  `increment_id` varchar(50) DEFAULT NULL COMMENT 'Increment Id',
  `store_id` smallint(5) unsigned DEFAULT '0' COMMENT 'Store Id',
  `created_at` timestamp NOT NULL DEFAULT '0000-00-00 00:00:00' COMMENT 'Created At',
  `updated_at` timestamp NOT NULL DEFAULT '0000-00-00 00:00:00' COMMENT 'Updated At',
  `is_active` smallint(5) unsigned NOT NULL DEFAULT '1' COMMENT 'Is Active',
  `disable_auto_group_change` smallint(5) unsigned NOT NULL DEFAULT '0' COMMENT 'Disable automatic group change based on VAT ID',
  PRIMARY KEY (`entity_id`),
  UNIQUE KEY `UNQ_CUSTOMER_ENTITY_EMAIL_WEBSITE_ID` (`email`,`website_id`),
  KEY `IDX_CUSTOMER_ENTITY_STORE_ID` (`store_id`),
  KEY `IDX_CUSTOMER_ENTITY_ENTITY_TYPE_ID` (`entity_type_id`),
  KEY `IDX_CUSTOMER_ENTITY_EMAIL_WEBSITE_ID` (`email`,`website_id`),
  KEY `IDX_CUSTOMER_ENTITY_WEBSITE_ID` (`website_id`),
  CONSTRAINT `FK_CUSTOMER_ENTITY_STORE_ID_CORE_STORE_STORE_ID` FOREIGN KEY (`store_id`) REFERENCES `core_store` (`store_id`) ON DELETE SET NULL ON UPDATE CASCADE,
  CONSTRAINT `FK_CUSTOMER_ENTITY_WEBSITE_ID_CORE_WEBSITE_WEBSITE_ID` FOREIGN KEY (`website_id`) REFERENCES `core_website` (`website_id`) ON DELETE SET NULL ON UPDATE CASCADE
) ENGINE=InnoDB AUTO_INCREMENT=2 DEFAULT CHARSET=utf8 COMMENT='Customer Entity';

/*Data for the table `customer_entity` */

insert  into `customer_entity`(`entity_id`,`entity_type_id`,`attribute_set_id`,`website_id`,`email`,`group_id`,`increment_id`,`store_id`,`created_at`,`updated_at`,`is_active`,`disable_auto_group_change`) values (1,1,0,1,'mouad@gmx.net',1,NULL,1,'2016-06-14 09:11:13','2016-06-14 09:13:52',1,0);

/*Table structure for table `customer_entity_datetime` */

DROP TABLE IF EXISTS `customer_entity_datetime`;

CREATE TABLE `customer_entity_datetime` (
  `value_id` int(11) NOT NULL AUTO_INCREMENT COMMENT 'Value Id',
  `entity_type_id` smallint(5) unsigned NOT NULL DEFAULT '0' COMMENT 'Entity Type Id',
  `attribute_id` smallint(5) unsigned NOT NULL DEFAULT '0' COMMENT 'Attribute Id',
  `entity_id` int(10) unsigned NOT NULL DEFAULT '0' COMMENT 'Entity Id',
  `value` datetime NOT NULL DEFAULT '0000-00-00 00:00:00' COMMENT 'Value',
  PRIMARY KEY (`value_id`),
  UNIQUE KEY `UNQ_CUSTOMER_ENTITY_DATETIME_ENTITY_ID_ATTRIBUTE_ID` (`entity_id`,`attribute_id`),
  KEY `IDX_CUSTOMER_ENTITY_DATETIME_ENTITY_TYPE_ID` (`entity_type_id`),
  KEY `IDX_CUSTOMER_ENTITY_DATETIME_ATTRIBUTE_ID` (`attribute_id`),
  KEY `IDX_CUSTOMER_ENTITY_DATETIME_ENTITY_ID` (`entity_id`),
  KEY `IDX_CUSTOMER_ENTITY_DATETIME_ENTITY_ID_ATTRIBUTE_ID_VALUE` (`entity_id`,`attribute_id`,`value`),
  CONSTRAINT `FK_CSTR_ENTT_DTIME_ATTR_ID_EAV_ATTR_ATTR_ID` FOREIGN KEY (`attribute_id`) REFERENCES `eav_attribute` (`attribute_id`) ON DELETE CASCADE ON UPDATE CASCADE,
  CONSTRAINT `FK_CSTR_ENTT_DTIME_ENTT_TYPE_ID_EAV_ENTT_TYPE_ENTT_TYPE_ID` FOREIGN KEY (`entity_type_id`) REFERENCES `eav_entity_type` (`entity_type_id`) ON DELETE CASCADE ON UPDATE CASCADE,
  CONSTRAINT `FK_CUSTOMER_ENTITY_DATETIME_ENTITY_ID_CUSTOMER_ENTITY_ENTITY_ID` FOREIGN KEY (`entity_id`) REFERENCES `customer_entity` (`entity_id`) ON DELETE CASCADE ON UPDATE CASCADE
) ENGINE=InnoDB DEFAULT CHARSET=utf8 COMMENT='Customer Entity Datetime';

/*Data for the table `customer_entity_datetime` */

/*Table structure for table `customer_entity_decimal` */

DROP TABLE IF EXISTS `customer_entity_decimal`;

CREATE TABLE `customer_entity_decimal` (
  `value_id` int(11) NOT NULL AUTO_INCREMENT COMMENT 'Value Id',
  `entity_type_id` smallint(5) unsigned NOT NULL DEFAULT '0' COMMENT 'Entity Type Id',
  `attribute_id` smallint(5) unsigned NOT NULL DEFAULT '0' COMMENT 'Attribute Id',
  `entity_id` int(10) unsigned NOT NULL DEFAULT '0' COMMENT 'Entity Id',
  `value` decimal(12,4) NOT NULL DEFAULT '0.0000' COMMENT 'Value',
  PRIMARY KEY (`value_id`),
  UNIQUE KEY `UNQ_CUSTOMER_ENTITY_DECIMAL_ENTITY_ID_ATTRIBUTE_ID` (`entity_id`,`attribute_id`),
  KEY `IDX_CUSTOMER_ENTITY_DECIMAL_ENTITY_TYPE_ID` (`entity_type_id`),
  KEY `IDX_CUSTOMER_ENTITY_DECIMAL_ATTRIBUTE_ID` (`attribute_id`),
  KEY `IDX_CUSTOMER_ENTITY_DECIMAL_ENTITY_ID` (`entity_id`),
  KEY `IDX_CUSTOMER_ENTITY_DECIMAL_ENTITY_ID_ATTRIBUTE_ID_VALUE` (`entity_id`,`attribute_id`,`value`),
  CONSTRAINT `FK_CSTR_ENTT_DEC_ATTR_ID_EAV_ATTR_ATTR_ID` FOREIGN KEY (`attribute_id`) REFERENCES `eav_attribute` (`attribute_id`) ON DELETE CASCADE ON UPDATE CASCADE,
  CONSTRAINT `FK_CSTR_ENTT_DEC_ENTT_TYPE_ID_EAV_ENTT_TYPE_ENTT_TYPE_ID` FOREIGN KEY (`entity_type_id`) REFERENCES `eav_entity_type` (`entity_type_id`) ON DELETE CASCADE ON UPDATE CASCADE,
  CONSTRAINT `FK_CUSTOMER_ENTITY_DECIMAL_ENTITY_ID_CUSTOMER_ENTITY_ENTITY_ID` FOREIGN KEY (`entity_id`) REFERENCES `customer_entity` (`entity_id`) ON DELETE CASCADE ON UPDATE CASCADE
) ENGINE=InnoDB DEFAULT CHARSET=utf8 COMMENT='Customer Entity Decimal';

/*Data for the table `customer_entity_decimal` */

/*Table structure for table `customer_entity_int` */

DROP TABLE IF EXISTS `customer_entity_int`;

CREATE TABLE `customer_entity_int` (
  `value_id` int(11) NOT NULL AUTO_INCREMENT COMMENT 'Value Id',
  `entity_type_id` smallint(5) unsigned NOT NULL DEFAULT '0' COMMENT 'Entity Type Id',
  `attribute_id` smallint(5) unsigned NOT NULL DEFAULT '0' COMMENT 'Attribute Id',
  `entity_id` int(10) unsigned NOT NULL DEFAULT '0' COMMENT 'Entity Id',
  `value` int(11) NOT NULL DEFAULT '0' COMMENT 'Value',
  PRIMARY KEY (`value_id`),
  UNIQUE KEY `UNQ_CUSTOMER_ENTITY_INT_ENTITY_ID_ATTRIBUTE_ID` (`entity_id`,`attribute_id`),
  KEY `IDX_CUSTOMER_ENTITY_INT_ENTITY_TYPE_ID` (`entity_type_id`),
  KEY `IDX_CUSTOMER_ENTITY_INT_ATTRIBUTE_ID` (`attribute_id`),
  KEY `IDX_CUSTOMER_ENTITY_INT_ENTITY_ID` (`entity_id`),
  KEY `IDX_CUSTOMER_ENTITY_INT_ENTITY_ID_ATTRIBUTE_ID_VALUE` (`entity_id`,`attribute_id`,`value`),
  CONSTRAINT `FK_CSTR_ENTT_INT_ENTT_TYPE_ID_EAV_ENTT_TYPE_ENTT_TYPE_ID` FOREIGN KEY (`entity_type_id`) REFERENCES `eav_entity_type` (`entity_type_id`) ON DELETE CASCADE ON UPDATE CASCADE,
  CONSTRAINT `FK_CUSTOMER_ENTITY_INT_ATTRIBUTE_ID_EAV_ATTRIBUTE_ATTRIBUTE_ID` FOREIGN KEY (`attribute_id`) REFERENCES `eav_attribute` (`attribute_id`) ON DELETE CASCADE ON UPDATE CASCADE,
  CONSTRAINT `FK_CUSTOMER_ENTITY_INT_ENTITY_ID_CUSTOMER_ENTITY_ENTITY_ID` FOREIGN KEY (`entity_id`) REFERENCES `customer_entity` (`entity_id`) ON DELETE CASCADE ON UPDATE CASCADE
) ENGINE=InnoDB AUTO_INCREMENT=5 DEFAULT CHARSET=utf8 COMMENT='Customer Entity Int';

/*Data for the table `customer_entity_int` */

insert  into `customer_entity_int`(`value_id`,`entity_type_id`,`attribute_id`,`entity_id`,`value`) values (1,1,13,1,1),(2,1,14,1,1);

/*Table structure for table `customer_entity_text` */

DROP TABLE IF EXISTS `customer_entity_text`;

CREATE TABLE `customer_entity_text` (
  `value_id` int(11) NOT NULL AUTO_INCREMENT COMMENT 'Value Id',
  `entity_type_id` smallint(5) unsigned NOT NULL DEFAULT '0' COMMENT 'Entity Type Id',
  `attribute_id` smallint(5) unsigned NOT NULL DEFAULT '0' COMMENT 'Attribute Id',
  `entity_id` int(10) unsigned NOT NULL DEFAULT '0' COMMENT 'Entity Id',
  `value` text NOT NULL COMMENT 'Value',
  PRIMARY KEY (`value_id`),
  UNIQUE KEY `UNQ_CUSTOMER_ENTITY_TEXT_ENTITY_ID_ATTRIBUTE_ID` (`entity_id`,`attribute_id`),
  KEY `IDX_CUSTOMER_ENTITY_TEXT_ENTITY_TYPE_ID` (`entity_type_id`),
  KEY `IDX_CUSTOMER_ENTITY_TEXT_ATTRIBUTE_ID` (`attribute_id`),
  KEY `IDX_CUSTOMER_ENTITY_TEXT_ENTITY_ID` (`entity_id`),
  CONSTRAINT `FK_CSTR_ENTT_TEXT_ENTT_TYPE_ID_EAV_ENTT_TYPE_ENTT_TYPE_ID` FOREIGN KEY (`entity_type_id`) REFERENCES `eav_entity_type` (`entity_type_id`) ON DELETE CASCADE ON UPDATE CASCADE,
  CONSTRAINT `FK_CUSTOMER_ENTITY_TEXT_ATTRIBUTE_ID_EAV_ATTRIBUTE_ATTRIBUTE_ID` FOREIGN KEY (`attribute_id`) REFERENCES `eav_attribute` (`attribute_id`) ON DELETE CASCADE ON UPDATE CASCADE,
  CONSTRAINT `FK_CUSTOMER_ENTITY_TEXT_ENTITY_ID_CUSTOMER_ENTITY_ENTITY_ID` FOREIGN KEY (`entity_id`) REFERENCES `customer_entity` (`entity_id`) ON DELETE CASCADE ON UPDATE CASCADE
) ENGINE=InnoDB DEFAULT CHARSET=utf8 COMMENT='Customer Entity Text';

/*Data for the table `customer_entity_text` */

/*Table structure for table `customer_entity_varchar` */

DROP TABLE IF EXISTS `customer_entity_varchar`;

CREATE TABLE `customer_entity_varchar` (
  `value_id` int(11) NOT NULL AUTO_INCREMENT COMMENT 'Value Id',
  `entity_type_id` smallint(5) unsigned NOT NULL DEFAULT '0' COMMENT 'Entity Type Id',
  `attribute_id` smallint(5) unsigned NOT NULL DEFAULT '0' COMMENT 'Attribute Id',
  `entity_id` int(10) unsigned NOT NULL DEFAULT '0' COMMENT 'Entity Id',
  `value` varchar(255) DEFAULT NULL COMMENT 'Value',
  PRIMARY KEY (`value_id`),
  UNIQUE KEY `UNQ_CUSTOMER_ENTITY_VARCHAR_ENTITY_ID_ATTRIBUTE_ID` (`entity_id`,`attribute_id`),
  KEY `IDX_CUSTOMER_ENTITY_VARCHAR_ENTITY_TYPE_ID` (`entity_type_id`),
  KEY `IDX_CUSTOMER_ENTITY_VARCHAR_ATTRIBUTE_ID` (`attribute_id`),
  KEY `IDX_CUSTOMER_ENTITY_VARCHAR_ENTITY_ID` (`entity_id`),
  KEY `IDX_CUSTOMER_ENTITY_VARCHAR_ENTITY_ID_ATTRIBUTE_ID_VALUE` (`entity_id`,`attribute_id`,`value`),
  CONSTRAINT `FK_CSTR_ENTT_VCHR_ATTR_ID_EAV_ATTR_ATTR_ID` FOREIGN KEY (`attribute_id`) REFERENCES `eav_attribute` (`attribute_id`) ON DELETE CASCADE ON UPDATE CASCADE,
  CONSTRAINT `FK_CSTR_ENTT_VCHR_ENTT_TYPE_ID_EAV_ENTT_TYPE_ENTT_TYPE_ID` FOREIGN KEY (`entity_type_id`) REFERENCES `eav_entity_type` (`entity_type_id`) ON DELETE CASCADE ON UPDATE CASCADE,
  CONSTRAINT `FK_CUSTOMER_ENTITY_VARCHAR_ENTITY_ID_CUSTOMER_ENTITY_ENTITY_ID` FOREIGN KEY (`entity_id`) REFERENCES `customer_entity` (`entity_id`) ON DELETE CASCADE ON UPDATE CASCADE
) ENGINE=InnoDB AUTO_INCREMENT=6 DEFAULT CHARSET=utf8 COMMENT='Customer Entity Varchar';

/*Data for the table `customer_entity_varchar` */

insert  into `customer_entity_varchar`(`value_id`,`entity_type_id`,`attribute_id`,`entity_id`,`value`) values (1,1,5,1,'Mouad'),(3,1,7,1,'Benabdennour'),(4,1,12,1,'9899e2b398211880c588a890c6e3173b:7iAtN6dXZq468b1q9i5s4HEVn2oQLclr'),(5,1,3,1,'Default Store View');

/*Table structure for table `customer_form_attribute` */

DROP TABLE IF EXISTS `customer_form_attribute`;

CREATE TABLE `customer_form_attribute` (
  `form_code` varchar(32) NOT NULL COMMENT 'Form Code',
  `attribute_id` smallint(5) unsigned NOT NULL COMMENT 'Attribute Id',
  PRIMARY KEY (`form_code`,`attribute_id`),
  KEY `IDX_CUSTOMER_FORM_ATTRIBUTE_ATTRIBUTE_ID` (`attribute_id`),
  CONSTRAINT `FK_CSTR_FORM_ATTR_ATTR_ID_EAV_ATTR_ATTR_ID` FOREIGN KEY (`attribute_id`) REFERENCES `eav_attribute` (`attribute_id`) ON DELETE CASCADE ON UPDATE CASCADE
) ENGINE=InnoDB DEFAULT CHARSET=utf8 COMMENT='Customer Form Attribute';

/*Data for the table `customer_form_attribute` */

insert  into `customer_form_attribute`(`form_code`,`attribute_id`) values ('adminhtml_checkout',9),('adminhtml_checkout',10),('adminhtml_checkout',11),('adminhtml_checkout',15),('adminhtml_checkout',18),('adminhtml_customer',1),('adminhtml_customer',3),('adminhtml_customer',4),('adminhtml_customer',5),('adminhtml_customer',6),('adminhtml_customer',7),('adminhtml_customer',8),('adminhtml_customer',9),('adminhtml_customer',10),('adminhtml_customer',11),('adminhtml_customer',15),('adminhtml_customer',17),('adminhtml_customer',18),('adminhtml_customer',35),('adminhtml_customer_address',19),('adminhtml_customer_address',20),('adminhtml_customer_address',21),('adminhtml_customer_address',22),('adminhtml_customer_address',23),('adminhtml_customer_address',24),('adminhtml_customer_address',25),('adminhtml_customer_address',26),('adminhtml_customer_address',27),('adminhtml_customer_address',28),('adminhtml_customer_address',29),('adminhtml_customer_address',30),('adminhtml_customer_address',31),('adminhtml_customer_address',32),('adminhtml_customer_address',36),('checkout_register',4),('checkout_register',5),('checkout_register',6),('checkout_register',7),('checkout_register',8),('checkout_register',9),('checkout_register',11),('checkout_register',15),('checkout_register',17),('checkout_register',18),('customer_account_create',4),('customer_account_create',5),('customer_account_create',6),('customer_account_create',7),('customer_account_create',8),('customer_account_create',9),('customer_account_create',11),('customer_account_create',15),('customer_account_create',17),('customer_account_create',18),('customer_account_edit',4),('customer_account_edit',5),('customer_account_edit',6),('customer_account_edit',7),('customer_account_edit',8),('customer_account_edit',9),('customer_account_edit',11),('customer_account_edit',15),('customer_account_edit',17),('customer_account_edit',18),('customer_address_edit',19),('customer_address_edit',20),('customer_address_edit',21),('customer_address_edit',22),('customer_address_edit',23),('customer_address_edit',24),('customer_address_edit',25),('customer_address_edit',26),('customer_address_edit',27),('customer_address_edit',28),('customer_address_edit',29),('customer_address_edit',30),('customer_address_edit',31),('customer_address_edit',32),('customer_address_edit',36),('customer_register_address',19),('customer_register_address',20),('customer_register_address',21),('customer_register_address',22),('customer_register_address',23),('customer_register_address',24),('customer_register_address',25),('customer_register_address',26),('customer_register_address',27),('customer_register_address',28),('customer_register_address',29),('customer_register_address',30),('customer_register_address',31),('customer_register_address',32),('customer_register_address',36);

/*Table structure for table `customer_group` */

DROP TABLE IF EXISTS `customer_group`;

CREATE TABLE `customer_group` (
  `customer_group_id` smallint(5) unsigned NOT NULL AUTO_INCREMENT COMMENT 'Customer Group Id',
  `customer_group_code` varchar(32) NOT NULL COMMENT 'Customer Group Code',
  `tax_class_id` int(10) unsigned NOT NULL DEFAULT '0' COMMENT 'Tax Class Id',
  PRIMARY KEY (`customer_group_id`)
) ENGINE=InnoDB AUTO_INCREMENT=4 DEFAULT CHARSET=utf8 COMMENT='Customer Group';

/*Data for the table `customer_group` */

insert  into `customer_group`(`customer_group_id`,`customer_group_code`,`tax_class_id`) values (0,'NOT LOGGED IN',3),(1,'General',3),(2,'Wholesale',3),(3,'Retailer',3);

/*Table structure for table `log_customer` */

DROP TABLE IF EXISTS `log_customer`;

CREATE TABLE `log_customer` (
  `log_id` int(10) unsigned NOT NULL AUTO_INCREMENT COMMENT 'Log ID',
  `visitor_id` bigint(20) unsigned DEFAULT NULL COMMENT 'Visitor ID',
  `customer_id` int(11) NOT NULL DEFAULT '0' COMMENT 'Customer ID',
  `login_at` timestamp NOT NULL DEFAULT '0000-00-00 00:00:00' COMMENT 'Login Time',
  `logout_at` timestamp NULL DEFAULT NULL COMMENT 'Logout Time',
  `store_id` smallint(5) unsigned NOT NULL COMMENT 'Store ID',
  PRIMARY KEY (`log_id`),
  KEY `IDX_LOG_CUSTOMER_VISITOR_ID` (`visitor_id`)
) ENGINE=InnoDB DEFAULT CHARSET=utf8 COMMENT='Log Customers Table';

/*Data for the table `log_customer` */

/*Table structure for table `salesrule_customer` */

DROP TABLE IF EXISTS `salesrule_customer`;

CREATE TABLE `salesrule_customer` (
  `rule_customer_id` int(10) unsigned NOT NULL AUTO_INCREMENT COMMENT 'Rule Customer Id',
  `rule_id` int(10) unsigned NOT NULL DEFAULT '0' COMMENT 'Rule Id',
  `customer_id` int(10) unsigned NOT NULL DEFAULT '0' COMMENT 'Customer Id',
  `times_used` smallint(5) unsigned NOT NULL DEFAULT '0' COMMENT 'Times Used',
  PRIMARY KEY (`rule_customer_id`),
  KEY `IDX_SALESRULE_CUSTOMER_RULE_ID_CUSTOMER_ID` (`rule_id`,`customer_id`),
  KEY `IDX_SALESRULE_CUSTOMER_CUSTOMER_ID_RULE_ID` (`customer_id`,`rule_id`),
  CONSTRAINT `FK_SALESRULE_CUSTOMER_CUSTOMER_ID_CUSTOMER_ENTITY_ENTITY_ID` FOREIGN KEY (`customer_id`) REFERENCES `customer_entity` (`entity_id`) ON DELETE CASCADE ON UPDATE CASCADE,
  CONSTRAINT `FK_SALESRULE_CUSTOMER_RULE_ID_SALESRULE_RULE_ID` FOREIGN KEY (`rule_id`) REFERENCES `salesrule` (`rule_id`) ON DELETE CASCADE ON UPDATE CASCADE
) ENGINE=InnoDB DEFAULT CHARSET=utf8 COMMENT='Salesrule Customer';

/*Data for the table `salesrule_customer` */

/*Table structure for table `salesrule_customer_group` */

DROP TABLE IF EXISTS `salesrule_customer_group`;

CREATE TABLE `salesrule_customer_group` (
  `rule_id` int(10) unsigned NOT NULL COMMENT 'Rule Id',
  `customer_group_id` smallint(5) unsigned NOT NULL COMMENT 'Customer Group Id',
  PRIMARY KEY (`rule_id`,`customer_group_id`),
  KEY `IDX_SALESRULE_CUSTOMER_GROUP_RULE_ID` (`rule_id`),
  KEY `IDX_SALESRULE_CUSTOMER_GROUP_CUSTOMER_GROUP_ID` (`customer_group_id`),
  CONSTRAINT `FK_SALESRULE_CSTR_GROUP_CSTR_GROUP_ID_CSTR_GROUP_CSTR_GROUP_ID` FOREIGN KEY (`customer_group_id`) REFERENCES `customer_group` (`customer_group_id`) ON DELETE CASCADE ON UPDATE CASCADE,
  CONSTRAINT `FK_SALESRULE_CUSTOMER_GROUP_RULE_ID_SALESRULE_RULE_ID` FOREIGN KEY (`rule_id`) REFERENCES `salesrule` (`rule_id`) ON DELETE CASCADE ON UPDATE CASCADE
) ENGINE=InnoDB DEFAULT CHARSET=utf8 COMMENT='Sales Rules To Customer Groups Relations';

/*Data for the table `salesrule_customer_group` */

/*!40101 SET SQL_MODE=@OLD_SQL_MODE */;
/*!40014 SET FOREIGN_KEY_CHECKS=@OLD_FOREIGN_KEY_CHECKS */;
/*!40014 SET UNIQUE_CHECKS=@OLD_UNIQUE_CHECKS */;
/*!40111 SET SQL_NOTES=@OLD_SQL_NOTES */;
